{"file_hashes":[{"block_hashes":["rKnzniMAo9JRq1Cc8lEG6Nh4Vzs2BTWN/PA0Kqjk270="],"block_size":4096,"path":"background.html"},{"block_hashes":["rbJa5hnu/EIpzngNM7Nch043hes2EYHUMOHUs+jOGso=","JBpGY9v77o1akw5yWXa9vck84r9+hgSUfGQU9pQ8NaA=","WyLUi3J9iddvZFSz9afTxhxxyfj+c6BrXJA9XY2sUDM="],"block_size":4096,"path":"css/options.css"},{"block_hashes":["ZJrSNM4pR3w0WuVM/PLYF9nYrH8YVZTgU7IzencfbFc="],"block_size":4096,"path":"css/sp_ddg.css"},{"block_hashes":["UMdsnxmkhAe1LcEIBvQt5bwmf+ltgWuTego8hwJmR/0="],"block_size":4096,"path":"defaults.jsn"},{"block_hashes":["LW6gOLAKI2SbTjmzxxS7hVECtm6uPsh+4cCKTXRoN5g="],"block_size":4096,"path":"icon-18.png"},{"block_hashes":["ZNy2hdS/EOqpiZxnSerZgQOuwPj05ZJt8HGnDsiPZwg="],"block_size":4096,"path":"includes/app.js"},{"block_hashes":["EgPjtseBf/LKi4MmTfQoPqZmebVtCgEKQRef0D6AtmQ=","SqhNl1mw8FKSUOQqObPzub2KUktJzwNAB+a8nVPQSzM=","RWqD/OSdHn5g0cEHsQFO0Se/gJDYuxR0IQ0GqNUdIyc=","zKvZiujYPR06qb78hu8gBVzWVZje5NMZlZOfhK1I50k=","ffgdFlRCVAZKGazpUmmoa+p0G6aiFYwzAUIYkkf+2XQ=","NdZUAx8m7hafPDVTpOCE7wP/6IEX6hVjpRolvj8HVHw=","BBkZ2bGlnbVJWXBDXdgDGvTVDCNUSiidKSJvJudriLA=","+fhOJRsAQzolIhHndrn1KIwh9QR1cNXUgkBQu/aNgEM=","CVBUMEDT4y88xNwOh9zfHzhXYgTw9eMYgsccgu4mysc=","B7FVIrrGgKuU4J4ql6CdxA8GglKFauUTbw3793ZH0ec=","dkKDQ+U9Fh0AjzYtQxDiX5gWJQd4tbPtVHQBnzOJnQM=","vVfoYcU+jW/z4ljVs/xFE1fxf+VyWWEhqNwdZpNDjME=","j4tusMJHMrTw9NP/0vpOQnjAjmqxKNIcVDtyrBy8ufY=","dSQxeK52pZOmWXM9XkXHNkrTxL2HU80+4p0BX5GoGZ0=","zt48G4fmhqkZkpprGpUdMYV1Oi6iKp0eUifzYtYWlFI=","V0B3DGMaNWS9/CuO8GljsqAsAWtHVxyjkKz56v3D3Tw=","2ywkVzJu8PIH2GYbCJAvjw5opfrpgn+hcK8whIN20wI=","WlqHYdsByImaWZkOaxxOA9R92Oy1SIewAO+ogYaLE9M=","VDHULV8xTLKFh9D5NBPvigMbbDEHACbmxsDY3ViWthg="],"block_size":4096,"path":"includes/content.js"},{"block_hashes":["e9waOdXOY9GGGgURwLW+MKrBRprrDGejP2m+QG5Wums="],"block_size":4096,"path":"js/app_bg.js"},{"block_hashes":["pNIlZ3KMB2OJcECPZhfMz1lorBN6ygaMhqsSDENI3XI=","R6E8sstRslc8ryrwtYv9y9Jn07Sj0CJa5ZuKQbHBV2U=","tO7xsgurBdHoLduT6JKbf0p81f0uzVWeCC2F7VL3Rvg="],"block_size":4096,"path":"js/background.js"},{"block_hashes":["N+vT/C9HyT8S1f1nIqNNLJOsSpLwpYceMfGvprI1uO4=","CxPjWhndRDkXEeDINYZg5NXrVFQR3xRtDoJEEZv1Mvs=","I95JzUXWHmlCDF24lcrrX+nqKbH+q0Mc5F1ZNs1Yulg=","F/sWFJ3VygGBvBn8fGJpCUAKGBpMyDwD2k8z4kCeJTs="],"block_size":4096,"path":"js/options.js"},{"block_hashes":["3hq7P2YI690AnXFfNZv+sAYn+zIR6ef4ZqEdravatcs=","26TVS1DFMtQbjMu1Ph/cvXVd1DuL1sVAW7IY6N8vl3s=","fBymK9mL+j/rLlSOK2qYM/+q10X05iQm4DQR8GmisR8=","Cg1hU8DjXktMmdjtYsxXl/N3duQMe5fUf//T1YxG4DM="],"block_size":4096,"path":"js/SieveUI.js"},{"block_hashes":["QVZi7scCGTuitdJOHg5N33agFJrBlOGIldodmFiC/Vo="],"block_size":4096,"path":"js/sp_gim.js"},{"block_hashes":["kBXcSQDW6mSOJ4OU9vlC1yhGwHVrQKvyCZGDRZxtfaE="],"block_size":4096,"path":"locales.jsn"},{"block_hashes":["sYKP7268b2mqdBddfo7EYS7QBuSPOJsiu4eXQ2CFNzA=","bBAGuKFhKppXtA4tGsnYObtiRBiSS2PSdksiFqKhfmM=","4VoyefhL71Q42Q84DtpICGxdysebxPB4DryMAdRADJM=","+E9C8XwV1annxeP7fBWRk747hA4QJmGmJhJu1rwZubQ=","bYYsCN2eQEJXnuHA/eMfNWLQuHwQP9HKXwPyZakchUI="],"block_size":4096,"path":"options.html"},{"block_hashes":["po2SrxMjqfz3Cu4P7l26jTmH6dQK6eveXiTWqAAiPls=","DMzJOrTb/zu4sGpE7+YIbxcFOakBGVSPhhpld3Lfvks=","vKRCHcnEQ7BNcjjFU5L618D1Ya8GRpbj+X5HaZjCK7w=","1N9+SIhR7tghWGlonykTl7xQQq5TNx/aFXVujhgYPAo=","wb4w7mdx5UGQ34vONOztWbgI0i+O8VFppOxuz2qa8D8=","t7LqHWQNJBh3kbwmb0oY6BX/IKq1f38N/+ocQYsVRtM=","9XTAtbW+fPs8mJ1GZg/aixFJkEdXC9nyg3cIq25y44o=","+j6ry/EuR/hzo5IWvSbacK7t47eMU19d4pwWDJD2f9w=","hJbjgT6YyBp5zHVJprEk/rljW9jGg943ZM80DJnsziY=","JqfrLC/Zk3phXgZIVgDwmoSViuiIFCIA+9qfaKeDOMo=","Jn9OFIrDYgJuK7mNUrGAlTWDxNN0Hu+fGqmoSbEPPCU=","PDxGmJX2k9yADN+S4ZDB3UhzWAERrn3DVOLDtbrAjQ4=","oC5QWSRkYWCIp+/yq9Fj3i8888Qpn6uPQRXY0GQF8sY=","Y8Lr2Fu1geE66agjpgCTf3xWYCzJ6bMLyWzFVMunG/o=","OcEl/Tr3blZS5Y+aLm9FZbapgobOk1ytCSobiPDEjqM=","4znQpGlAeDVNtJSSp5zwyBZu/llvOqwMA6sDoIM8OXk=","NSCyYSjCL/319Pop1ICTp87hNnlBRXesU0zrSGn+KpY=","iHb8IbvPkPRjmcv/bVc166egFe/r1yJAPjvqv89R/e4=","pmq5j5pn8v3IQHPW9cuhk6l591YtmmJQw0Ch3DInifc=","4WRwU8gMsW87C3hrwKEzrszu+kmMPZXF3nV4S9cQ76c=","rg3ZJvwSBuVgXuxW7KB8wgbPOaQ47w8L5/C6dqxB29U="],"block_size":4096,"path":"sieve.jsn"}],"version":2}