{"file_hashes":[{"block_hashes":["LE+nLzkzh/nvpB1dUqJOUqOw3HT0Wvx2i1kqHNsZFI0=","eeRgqTyZgEhaa7f05UWGctpjD+3nSduhI/u+01kNN3c=","7cQjVSeCM/zKREEW66KzZIkfzpmpceGENVc83caJ8Pw=","0zcYDZH2/2y+WBI6sFvzyQzKsO8MIF8wQiVSf3Ackxw=","Ix0FY9Lb75FjQy/+24l2yGJP329Kae+aSJYI32GNeKU=","JTsdtaCoZYuUxN/saIz45FCl8Q/EssGbTFBwMcJxLrI=","CLC5f0ktVlmQZhLPh5E0BHjsYto0IE885h2gdGU4vUU=","lPXXV546evRIRabpk/v1S3v9PnVOYMcTZzDVJz7nkuE="],"block_size":4096,"path":"background/globals.js"},{"block_hashes":["5LFoOEm6Y+D/S80LhU4uqXdRruk1dEBqQxO7cg2N4dw=","8gWGqKQpLhL4720a/2jHRT91GWqYsJIjp8VRNip+4lY="],"block_size":4096,"path":"background/help_dialog.js"},{"block_hashes":["InL9zfryjgB27DboLjbFvLDz9z9QMlcOEHfzVkX5tm0=","n2z5CxnJErXbfVHwOi9aX/OonZO/ZOiefkaO5OCmIzE=","FxWr7I6j4g/+dymf0mBU1sCDyQlvSH4wENAVGIgzEn4=","lBiZh5KMHBJCoGd6FllZRO0XI8elLmvVjurQL0UGtcc="],"block_size":4096,"path":"background/key_mappings.js"},{"block_hashes":["fHSOz/2IpoW/rf0/wq8liJ4zALH6AaY+jzx62c/+yhk=","QSXI8zVBFdA9ntArTvhE6uakLHl30tE7jmxuIY1iuyM=","eV93+xUqSDubXljR1i6HeYzWpSybEffApwD61zyBZyo=","rUVVxgb7j3lk9sMTvHx3DgnLDQRXF9NJfNgeS0oxRt0=","sHyDtV//yB03VeS4U6rf0NXcAsY6SP7F3mfToBU3XUc=","P3d7uecdVIlB0qVk1JcwVapAb3YqIfJe0e6aOMDXhLY=","tD3dLe6VgdIHua66iC8F763l5dGzrJ/inUjVorYGfy8=","hKNewJE5Qay4GOd3azuKUTARiBIC5E8a0oM+tXqVpnQ=","mUPaeqiXH0YV1MkCPaunyDR6S5voAuIkLqCReCWRVTs=","dySdqITMRxEY/HeAjHNKiO9VLUMT+yhqPSuQG26koR4=","stuHqC/C0h1GVGGcFEU/HhUzPqWloZ7lisvst5P8prQ=","x9SuqygS/IiPdfSwTxuGodos9cBuZAp1ecLOIeTcIcg=","/xIKAn0vdWy4w/74nEDGFQ//fWjhN1T/IMVda2EBSy8="],"block_size":4096,"path":"background/main.js"},{"block_hashes":["fQWXAeReQqoiP9RCKv7gAm2b/nMFkVFCCgISjHHvQUw=","8sqiYs71azIDZXoaI9OyUGQltTW8xua3rER+BErPglc=","zGuoSeSU2Yircm9hWGJDw404rCAo6ksibl6dsjRmQ7c=","djk/xgPNXJI5TAALJLNxziBsBmyzNmZhKctI7j9U5tE=","HiUn6MLwi+UCLNz4GvkImrMU5U/Gc5Mlyes9Cjq+3qg=","S9KmukGTAPqnes6tdHU4uVA5G6JNpQtuKs3F5dRIzlA=","fBJ2yDM+8SSqS2Y+LOou0RnXfZX9XoJqQPsFWivybfo=","FpZXV0r7S3WGYm1mWLwW2q/1PnwggBtXU53JsKIbYuo=","9NAEQtkxZxm6Q1WP0JfjaH6na7wNBiObDsG6sGR58OQ="],"block_size":4096,"path":"background/tail.js"},{"block_hashes":["/XNJIaS3MKCEa6bbIfSbCpYmGsOKhJ0E0ZYbHlOrIa0=","KrHs9o0qeIx9RoQDEMIpKm2AKs7vJcYZTDiWhx1Hy9c="],"block_size":4096,"path":"background/tools.js"},{"block_hashes":["jpJD11tIoFYiHj14rQ6bLcqykDaRFksDjV3ZhZluJfk="],"block_size":4096,"path":"content/injected_end.js"},{"block_hashes":["UgqjL36q2bMBXn9KeQjnIllh+CrmhaY3k4IXNM0ojT8=","Qe0lU1lXTf49TmTrM5/2XFAVmeHiatj1+lAYOfJqgmc=","F4uXed3RiuE0WxNFBL2cfsfOEwzc3NHOpJny8kUFWAE=","jBk1ufGAbuzvHxXC+gRB8Y9N7UpctkFKTfpXKGsfH1g=","aLakPU7ujCJlBXUIC+K1qIg8nTDVbpp/GDZwFKEkFL8=","d9XFNKhqRwjvU9ZxVVHg9920xOnUPHz/ZtidxB6VTRQ=","0syF2XiODrOMH8ArsJqK15Kj+EmIqhPLAzx5aafZbIQ=","YEHLxSa8kgDL0/BZt6ArLceVzXy8mF8hmPhr7PDyKmo=","YR5DbRBAyVotRlkeUD1W46nEtG8cVld1k3qF7AzQTLM=","FgC/J19Mf9hJyMYKA0lSwma9wlCsHgnpJA6ymTPpOAU=","KGukbxYnfumP6B9pfVQC/gu+4bi0uPkSWLeWQNJGED4=","PZlJDes0tMsN5iKC/aWaXH7CHkE0D04BTIUUXgC5HVQ=","1c0U7g2Os6+NTdyn3zO2M81J/6nlhzY+B2udMxaBOVg=","a4DoLolneJQ0D6sGkolp3srHxLTUyims+5yCH7FGcyo=","rXfsRTvYbHIGJub02Lwr39+TU7xS+aH/uTREFcM1SL4=","0dc7D5xzmsOfp1VHbLnBZiE8V9AW294x2ARXXI0/e0I=","PZvdatQymQBmZVHYNHp/yHK+yfGNeDAbX2Iq9VKBAIc=","G6CAREkQx4fhGYfmNgds/rp9RcpAKMrG3P/43oonk0M=","q9Px2W7bik+oolonMz1LoO9CZKK0lVtATtLZT0LczgI="],"block_size":4096,"path":"content/vimium-c.js"},{"block_hashes":["Zl+Aelpq2UGqYJu63UHD7UHsSWchB5XHnSeLycnbohg="],"block_size":4096,"path":"front/file_urls.css"},{"block_hashes":["Eo+pUFLtyjvak2P0ZAN5npsYd5Zrir6gWD2xDBQ0Mx0=","BaKNmThuRnisgwEqqTIOe/0fE1lNTbmyi+Bpka7EsTw="],"block_size":4096,"path":"front/help_dialog.html"},{"block_hashes":["Fw3lEoZnLrEO9JvhA/wmVFQv1xGQObUWO9Yb72y0aA0="],"block_size":4096,"path":"front/vimium-c.css"},{"block_hashes":["ZDr0KlmOPFUARNQBnau4ZiO61Wth9F3Z7CKM1Jk3IJI=","wPKieSIAOXbWFZhqN0ZUIMsVUN1DstcLA1JswOMRNJk="],"block_size":4096,"path":"front/vomnibar.html"},{"block_hashes":["F0RtxhlLKu/A/Gc6v93alajpk4hsaeYFu5sWWVsVVac=","re0yjZaNiEPVyBNqhrcjvEWatuOPP7IZguPTKwWEScw=","U1ApNWbD4oEh8Inm3XUJyBsMmsrCTo0f3St0x+U6VBE=","ck2o/2azxPO0PRukrDzZbpSlX8ucJX2S/Osb4Btjxp0=","hWZd+lgX83GeSrriWuWK5JVQ5rnyeZax9NTYUKHh040=","G+HXq9OdZtXSCOScON3l3S2fazvU70NmN07tQfo2eic="],"block_size":4096,"path":"front/vomnibar.js"},{"block_hashes":["2ENW4RN/sFxOii83jYp8yO0ausrZB9KpjW2Y2vwU7so=","57TUkMcxzP78BoJYsZeWs0kIYexFOf/D7JKh/T5qCbE="],"block_size":4096,"path":"icons/disabled.bin"},{"block_hashes":["WzpEXq0Ia/C8E67fYO03p7LG5Ppb82Jc2wpBbsjFnko=","ZWHu/Gg4E3vKYU7p5lwCvwT0/BJu8UnPeiKUkWykeLw="],"block_size":4096,"path":"icons/enabled.bin"},{"block_hashes":["J8rJQNUGRTJ/wJpZM31pqt+m9LhsbeGfn4QghJ2b214=","eaCS7iOTRImHqAuA1grb6lRNF36+S8W60Gez/hKyGKQ="],"block_size":4096,"path":"icons/partial.bin"},{"block_hashes":["quIarGcT19sx99NkJ0A0SCkY0aJBuwTh4el92V7dFcE="],"block_size":4096,"path":"lib/injector.js"},{"block_hashes":["FKg5nMdn3FxrqR8fc5jY+hutSm7RxGgRlNupMSOI9Lw=","evPbWSry80cqUEgkwG6uCzy7HbhGJaB8kCWRvPMll9g=","ac7AfB9wynfasNNxuB7befUtbvQKaogXcI9FPiwE8h0="],"block_size":4096,"path":"lib/math_parser.js"},{"block_hashes":["CNJfmcbsFFt0dtu9vK10XU3/RA6oGWRRxR6al6nqCVY=","Y4ub+Wvhh+LZVaj0Z7lJmgI4agIN+gioRJnYKG4KtA4="],"block_size":4096,"path":"lib/viewer.min.css"},{"block_hashes":["2lxJqU10+nVCTBqN6hNesSScw9M8c/AvPtmkQzhRXoQ=","9JtGM8h2xkzdC6eZBT3ooRz3g4PkNOl4KO2icn0U0NI=","6+q/dYzSpEEvx6oBnvGxrAu+byzeqc/MpaZp41WFrho=","3cPpH1shKdL1nWUAdfllCAWADUPxZjpPkEKFM+3S01I=","b4Ou94OeEwpGYEZ69RnY1t3qblluC3Gz90MQszT3jEU=","VMDJhGYZgIjiWgtAFHk9SbEI39N0Bwl+kYD7OoMhRcA=","kFPFX2mK4kyzVRyGUH6Tm48vnJLPoTCS/dyTwJy9bjs=","LQjJTYC0SfW9w9cBYLVFWNWkQvHYphB+6iUWOuYOvVY=","RnC1GimJMCYA98Llh8pHcitXcMYsA3s6LPAXZV2AtWA="],"block_size":4096,"path":"lib/viewer.min.js"},{"block_hashes":["DIBhxVIe/jDgdzjDWMKatsXcaXR2cTl3dCNaBngS5yE="],"block_size":4096,"path":"LICENSE.txt"},{"block_hashes":["BDhj4I3twI/UuhhsUD0goMFIBRLgyTusp9FWYgrS8k0="],"block_size":4096,"path":"pages/async_bg.js"},{"block_hashes":["a9j5TTY4L36Bvu8UHF9SqW0+8AU3Q2SRvJsGnKUGpK4="],"block_size":4096,"path":"pages/blank.html"},{"block_hashes":["VQSKi69wOVmMZfrCsGjDqVXwGC/FT+uFZ1B0j1VGaSA="],"block_size":4096,"path":"pages/define.js"},{"block_hashes":["AquIsyvUhlqmkvltC/PVp7dzzRdUtxKY+4ULvduC/GU="],"block_size":4096,"path":"pages/loader.js"},{"block_hashes":["8M8moXx9gcv287OuP/qPsBOyiagXk4kJjUjODrtqLZA=","y9yZDssIFDYYTEavsi5+qc9/OBFT45Jx+4dRZs71VrE=","/TkLswelydLjjo7mRr4jDNW9OynV3Hwz1j9l1eyDLjk="],"block_size":4096,"path":"pages/options.css"},{"block_hashes":["gvtCV6xuBcY0C29+anuFQPVTQU8Ra5shbbAjVLPJreI=","kl0bQgP7kA5ZL4/egu61XCBTI7ZIm4dq0U+doBcnF2Q=","c9pyZHXxa6CERpji2ymdL3R3lc/TLTksisqGFQY80UM=","vje1Sy/1GrRXhKpwGeaIic0krUZ9x46Tvp9nWIrdMfg=","Er2JOaMtoTPI6hBE9d1SHAdd8yLVN/aHAjyuJB3olb4=","LhHpeb+mOl7Q5ifgtQ1Dcw3LXUOA7RymIZJ86F1LOfM=","F74j6fzh3/sSONHgspsJGD+ADFKeRGswH+A1np0dCQw=","xrXBC/jShVZK3btKYslM9Lbhjry2vhN8abMfH+PhHPY="],"block_size":4096,"path":"pages/options.html"},{"block_hashes":["NqMZOK8NoBVAGj7xHa4bgUkvAmGwTxYrkHyOOu0Azlo=","YJPHGbbtKlhnxioc103Dnxwx+RtfC3VCj2rtGX4eHfg="],"block_size":4096,"path":"pages/options_base.js"},{"block_hashes":["Zq5pedgeO37EBmz9hbRaffgTldnfkgvo/WTqbLAG4EU="],"block_size":4096,"path":"pages/options_checker.js"},{"block_hashes":["JA1XrWqOGPaZpShLfmmfchwlX5UMyqHLf6uSHtOio6Y=","h4qn12VYWX2uU23Ns6Pm/SAxwotTK9QFhQK/dvOY+wI=","Est13wJcGXIf233HBQwkBkwludkP/BI0nDDq2VdkL50="],"block_size":4096,"path":"pages/options_defs.js"},{"block_hashes":["adPzRuEe83OlLt/xdMrVLp/crr9i9kwNS2Vvy/xPAVw=","Xmtv55oeGb888DWjZIfFQkJY0wh0AH8jUtWHQHvxIYo="],"block_size":4096,"path":"pages/options_ext.js"},{"block_hashes":["2Rs3uBMl1T1aPMj3Hsm1u0ONxTm7HEt5n+erA2er8q4=","yXRZZaA2EANaWopJLU7pMaryL2y2eb0bzcThCD8sYD0="],"block_size":4096,"path":"pages/options_popup.js"},{"block_hashes":["smzdzCjSdeSJg7P7IxHaOAU2+4nWB4XHzJw9ZxOoY/A=","RWn/9JI/ul2e/vQxYITPWfgbjT5q7CYs+AWY3HXEa3Q=","95ly1CaLhO0OraJ/25kJMZFpWIOv0EkLXFll7GRCGuc="],"block_size":4096,"path":"pages/options_wnd.js"},{"block_hashes":["i5awdNQn+Y42CK4hxpeRqQFMNC0o65ArPqSTAT2Sexw=","fW8CV28V4eyhjkB7hlDLCbQaSnXkNVlw60ZEkvbCX4I="],"block_size":4096,"path":"pages/popup.html"},{"block_hashes":["mGrdBY4LjfsODidC5bKTLUTXU+qQT3w4xxNTRSOoHR0="],"block_size":4096,"path":"pages/show.css"},{"block_hashes":["NWie4i9gusrMTGrFUPcNXbpur5DEj/Z03+muLRsc39A="],"block_size":4096,"path":"pages/show.html"},{"block_hashes":["NCuFaIRs+4GACgx/QhHuhBZ6TxHlQHhrrLFXWr6zeek=","Vj//3M860IVHcaLA4HXRQK5Qk62KO500LLGGcKZuomA=","GZoH7C+49bGSk3uHobG3G+HfvJnQjFiOzafFH8mcg+s=","etKKTY/lWhizkXjVEH7my83IM7visbrecS1N9zvXYFw="],"block_size":4096,"path":"pages/show.js"},{"block_hashes":["y5aK4fPoCET7qcaoGrD7CSrj92t7RrgQSXrFX+ZrE7Y=","fJOLH1fpKpjHgB4OllEi0sWalp36gILcu6Rvn8xdkII=","cwUfdFl/Zmm21+y7nhfLaZbKxYv0xG/av3MJM9TKYXE="],"block_size":4096,"path":"settings-template.json"}],"version":2}